Starting sequence Mon Jan 13 18:37:07 2025
_seqline	_dataname$	_alsbottle	_alsbottle2	_methpath$	_methfile$	_datapath$	_datafile$	_runtype$	_levelid$	_multiplr	_miscinfo$	_sampamt	_injvol	_injvol2	_expbarcode$	_expbarcode2$	_pretreatpath$	_pretreatfile$	_traypicked	
1	EtAcBlank	1	0	C:\MSDCHEM\1\METHODS\	2024DENTEDBRICKPROJECTWHISKEYMADISEN.M	C:\MSDCHEM\2\DATA\2024DENTEDBRICKDATA\1-13-25-YEASTCHARWHISKEY25RATIO240TEMP\	EtAcBlank2.D	Blank		1		0	0	0			C:\msdchem\2\Pretreat\			
2	EtAcBlank	1	0	C:\MSDCHEM\1\METHODS\	2024DENTEDBRICKPROJECTWHISKEYMADISEN.M	C:\MSDCHEM\2\DATA\2024DENTEDBRICKDATA\1-13-25-YEASTCHARWHISKEY25RATIO240TEMP\	EtAcBlank3.D	Blank		1		0	0	0			C:\msdchem\2\Pretreat\			
3	EtAcBlank	1	0	C:\MSDCHEM\1\METHODS\	2024DENTEDBRICKPROJECTWHISKEYMADISEN.M	C:\MSDCHEM\2\DATA\2024DENTEDBRICKDATA\1-13-25-YEASTCHARWHISKEY25RATIO240TEMP\	EtAcBlank4.D	Blank		1		0	0	0			C:\msdchem\2\Pretreat\			
4	Y12Pure	8	0	C:\MSDCHEM\1\METHODS\	2024DENTEDBRICKPROJECTWHISKEYMADISEN.M	C:\MSDCHEM\2\DATA\2024DENTEDBRICKDATA\1-13-25-YEASTCHARWHISKEY25RATIO240TEMP\	Y12Pure2.D	Sample		1		0	0	0			C:\msdchem\2\Pretreat\			
5	Y12Pure	8	0	C:\MSDCHEM\1\METHODS\	2024DENTEDBRICKPROJECTWHISKEYMADISEN.M	C:\MSDCHEM\2\DATA\2024DENTEDBRICKDATA\1-13-25-YEASTCHARWHISKEY25RATIO240TEMP\	Y12Pure3.D	Sample		1		0	0	0			C:\msdchem\2\Pretreat\			
6	Y12Pure	8	0	C:\MSDCHEM\1\METHODS\	2024DENTEDBRICKPROJECTWHISKEYMADISEN.M	C:\MSDCHEM\2\DATA\2024DENTEDBRICKDATA\1-13-25-YEASTCHARWHISKEY25RATIO240TEMP\	Y12Pure4.D	Sample		1		0	0	0			C:\msdchem\2\Pretreat\			
7	Y13Pure	9	0	C:\MSDCHEM\1\METHODS\	2024DENTEDBRICKPROJECTWHISKEYMADISEN.M	C:\MSDCHEM\2\DATA\2024DENTEDBRICKDATA\1-13-25-YEASTCHARWHISKEY25RATIO240TEMP\	Y13Pure2.D	Sample		1		0	0	0			C:\msdchem\2\Pretreat\			
8	Y13Pure	9	0	C:\MSDCHEM\1\METHODS\	2024DENTEDBRICKPROJECTWHISKEYMADISEN.M	C:\MSDCHEM\2\DATA\2024DENTEDBRICKDATA\1-13-25-YEASTCHARWHISKEY25RATIO240TEMP\	Y13Pure3.D	Sample		1		0	0	0			C:\msdchem\2\Pretreat\			
9	Y13Pure	9	0	C:\MSDCHEM\1\METHODS\	2024DENTEDBRICKPROJECTWHISKEYMADISEN.M	C:\MSDCHEM\2\DATA\2024DENTEDBRICKDATA\1-13-25-YEASTCHARWHISKEY25RATIO240TEMP\	Y13Pure4.D	Sample		1		0	0	0			C:\msdchem\2\Pretreat\			
10	Y14Pure	10	0	C:\MSDCHEM\1\METHODS\	2024DENTEDBRICKPROJECTWHISKEYMADISEN.M	C:\MSDCHEM\2\DATA\2024DENTEDBRICKDATA\1-13-25-YEASTCHARWHISKEY25RATIO240TEMP\	Y14Pure2.D	Sample		1		0	0	0			C:\msdchem\2\Pretreat\			
11	Y14Pure	10	0	C:\MSDCHEM\1\METHODS\	2024DENTEDBRICKPROJECTWHISKEYMADISEN.M	C:\MSDCHEM\2\DATA\2024DENTEDBRICKDATA\1-13-25-YEASTCHARWHISKEY25RATIO240TEMP\	Y14Pure3.D	Sample		1		0	0	0			C:\msdchem\2\Pretreat\			
12	Y14Pure	10	0	C:\MSDCHEM\1\METHODS\	2024DENTEDBRICKPROJECTWHISKEYMADISEN.M	C:\MSDCHEM\2\DATA\2024DENTEDBRICKDATA\1-13-25-YEASTCHARWHISKEY25RATIO240TEMP\	Y14Pure4.D	Sample		1		0	0	0			C:\msdchem\2\Pretreat\			
13	Y22Pure	11	0	C:\MSDCHEM\1\METHODS\	2024DENTEDBRICKPROJECTWHISKEYMADISEN.M	C:\MSDCHEM\2\DATA\2024DENTEDBRICKDATA\1-13-25-YEASTCHARWHISKEY25RATIO240TEMP\	Y22Pure2.D	Sample		1		0	0	0			C:\msdchem\2\Pretreat\			
14	Y22Pure	11	0	C:\MSDCHEM\1\METHODS\	2024DENTEDBRICKPROJECTWHISKEYMADISEN.M	C:\MSDCHEM\2\DATA\2024DENTEDBRICKDATA\1-13-25-YEASTCHARWHISKEY25RATIO240TEMP\	Y22Pure3.D	Sample		1		0	0	0			C:\msdchem\2\Pretreat\			
15	Y22Pure	11	0	C:\MSDCHEM\1\METHODS\	2024DENTEDBRICKPROJECTWHISKEYMADISEN.M	C:\MSDCHEM\2\DATA\2024DENTEDBRICKDATA\1-13-25-YEASTCHARWHISKEY25RATIO240TEMP\	Y22Pure4.D	Sample		1		0	0	0			C:\msdchem\2\Pretreat\			
16	Y23Pure	12	0	C:\MSDCHEM\1\METHODS\	2024DENTEDBRICKPROJECTWHISKEYMADISEN.M	C:\MSDCHEM\2\DATA\2024DENTEDBRICKDATA\1-13-25-YEASTCHARWHISKEY25RATIO240TEMP\	Y23Pure2.D	Sample		1		0	0	0			C:\msdchem\2\Pretreat\			
17	Y23Pure	12	0	C:\MSDCHEM\1\METHODS\	2024DENTEDBRICKPROJECTWHISKEYMADISEN.M	C:\MSDCHEM\2\DATA\2024DENTEDBRICKDATA\1-13-25-YEASTCHARWHISKEY25RATIO240TEMP\	Y23Pure3.D	Sample		1		0	0	0			C:\msdchem\2\Pretreat\			
18	Y23Pure	12	0	C:\MSDCHEM\1\METHODS\	2024DENTEDBRICKPROJECTWHISKEYMADISEN.M	C:\MSDCHEM\2\DATA\2024DENTEDBRICKDATA\1-13-25-YEASTCHARWHISKEY25RATIO240TEMP\	Y23Pure4.D	Sample		1		0	0	0			C:\msdchem\2\Pretreat\			
19	Y24Pure	13	0	C:\MSDCHEM\1\METHODS\	2024DENTEDBRICKPROJECTWHISKEYMADISEN.M	C:\MSDCHEM\2\DATA\2024DENTEDBRICKDATA\1-13-25-YEASTCHARWHISKEY25RATIO240TEMP\	Y24Pure2.D	Sample		1		0	0	0			C:\msdchem\2\Pretreat\			
20	Y24Pure	13	0	C:\MSDCHEM\1\METHODS\	2024DENTEDBRICKPROJECTWHISKEYMADISEN.M	C:\MSDCHEM\2\DATA\2024DENTEDBRICKDATA\1-13-25-YEASTCHARWHISKEY25RATIO240TEMP\	Y24Pure3.D	Sample		1		0	0	0			C:\msdchem\2\Pretreat\			
21	Y24Pure	13	0	C:\MSDCHEM\1\METHODS\	2024DENTEDBRICKPROJECTWHISKEYMADISEN.M	C:\MSDCHEM\2\DATA\2024DENTEDBRICKDATA\1-13-25-YEASTCHARWHISKEY25RATIO240TEMP\	Y24Pure4.D	Sample		1		0	0	0			C:\msdchem\2\Pretreat\			
